1).WAQ to display all the details of the software developer in dept 30

mysql> select * from employee_info where Dept_id = 30 and designation='Software Developer';
+-----+---------+-------------------------------+--------------------+---------------+------+---------------+-----------------+--------+---------+-------------+
| id  | name    | email                         | designation        | mobile_number | age  | Date_of_Birth | Date_of_Joining | Salary | Dept_id | Blood_group |
+-----+---------+-------------------------------+--------------------+---------------+------+---------------+-----------------+--------+---------+-------------+
| 108 | Ashwini | ashwinipardeshi1655@gmail.com | Software Developer |    9326130118 |   21 | 1998-01-08    | 2019-08-27      |  30000 |      30 | A +         |
+-----+---------+-------------------------------+--------------------+---------------+------+---------------+-----------------+--------+---------+-------------+
1 row in set (0.00 sec)

2).WAQ to display the list for all the software developer in dept number 40 and having salary greater than 50000

mysql> select * from employee_info where Dept_id = 40 and designation='Software Developer'and salary > 50000 ;
Empty set (0.00 sec)
 mysql> select * from employee_info where Dept_id = 20 and designation='Software Developer'and salary > 25000 ;
+-----+---------+------------------------------+--------------------+---------------+------+---------------+-----------------+--------+---------+-------------+
| id  | name    | email                        | designation        | mobile_number | age  | Date_of_Birth | Date_of_Joining | Salary | Dept_id | Blood_group |
+-----+---------+------------------------------+--------------------+---------------+------+---------------+-----------------+--------+---------+-------------+
| 105 | Saurabh | saurabhjha123.sj95@gmail.com | Software Developer |    8369882274 |   22 | 1997-02-02    | 2019-08-17      |  30000 |      20 | AB +        |
+-----+---------+------------------------------+--------------------+---------------+------+---------------+-----------------+--------+---------+-------------+
1 row in set (0.00 sec)

3).WAQ to display list all the employees except those who are working in dept 10 & 20

mysql> select * from employee_info where Dept_id not in (10,20);
+-----+---------+-------------------------------+--------------------+---------------+------+---------------+-----------------+--------+---------+-------------+
| id  | name    | email                         | designation        | mobile_number | age  | Date_of_Birth | Date_of_Joining | Salary | Dept_id | Blood_group |
+-----+---------+-------------------------------+--------------------+---------------+------+---------------+-----------------+--------+---------+-------------+
| 102 | Indhu   | indhupofficial@gmail.com      | HR                 |    8291179392 |   27 | 1992-07-19    | 2015-04-25      |  70000 |      30 | O +         |
| 104 | Varun   | sonawanevaruns@gmail.com      | HR                 |    9870763923 |   29 | 1990-11-25    | 2012-08-17      |  70000 |      40 | A +         |
| 108 | Ashwini | ashwinipardeshi1655@gmail.com | Software Developer |    9326130118 |   21 | 1998-01-08    | 2019-08-27      |  30000 |      30 | A +         |
| 111 | Santosh | santosh.r.chaurasia@gmail.com | Clerk              |    8850380194 |   26 | 1993-04-20    | 2013-02-12      |  35000 |      40 | O +         |
| 112 | Mukesh  | my0027@gmail.com              | Tester             |    7875853740 |   23 | 1995-12-09    | 2018-05-17      |  36000 |      30 | AB +        |
| 114 | Aman    | aman.m.singh@gmail.com        | Analyst            |    7738872745 |   24 | 1995-03-27    | 2016-07-03      |  35000 |      40 | O -         |
+-----+---------+-------------------------------+--------------------+---------------+------+---------------+-----------------+--------+---------+-------------+
6 rows in set (0.00 sec)

4]WAQ to display list the employees who are not working as software developer and clerks in dept 10 and 20 with a salary in the range of 10000 to 30000

mysql> select * from employee_info WHERE designation NOT IN('software developer','clerk') AND Dept_id IN(10,20) AND salary BETWEEN 10000 AND 30000;
+-----+--------+-----------------------+-------------+---------------+------+---------------+-----------------+--------+---------+-------------+
| id  | name   | email                 | designation | mobile_number | age  | Date_of_Birth | Date_of_Joining | Salary | Dept_id | Blood_group |
+-----+--------+-----------------------+-------------+---------------+------+---------------+-----------------+--------+---------+-------------+
| 103 | Aniket | aniketv1127@gmail.com | Analyst     |    8850190638 |   25 | 1994-07-27    | 2014-01-19      |  25000 |      20 | O +         |
+-----+--------+-----------------------+-------------+---------------+------+---------------+-----------------+--------+---------+-------------+
1 row in set (0.00 sec)


5]WAQ to display the list of employees whose salary is not in the range of 10000 to 20000 in dept 10,20,30 except all salesman.

mysql> select * from employee_info WHERE salary NOT BETWEEN 10000 AND 20000 AND Dept_id IN(10,20,30) AND (NOT designation = 'salesman');
+-----+---------+-------------------------------+--------------------+---------------+------+---------------+-----------------+--------+---------+-------------+
| id  | name    | email                         | designation        | mobile_number | age  | Date_of_Birth | Date_of_Joining | Salary | Dept_id | Blood_group |
+-----+---------+-------------------------------+--------------------+---------------+------+---------------+-----------------+--------+---------+-------------+
| 101 | Vignesh | viggyvaithiar18@gmail.com     | Software Developer |    9029937984 |   22 | 1997-01-22    | 2019-08-17      |  30000 |      10 | O +         |
| 102 | Indhu   | indhupofficial@gmail.com      | HR                 |    8291179392 |   27 | 1992-07-19    | 2015-04-25      |  70000 |      30 | O +         |
| 103 | Aniket  | aniketv1127@gmail.com         | Analyst            |    8850190638 |   25 | 1994-07-27    | 2014-01-19      |  25000 |      20 | O +         |
| 105 | Saurabh | saurabhjha123.sj95@gmail.com  | Software Developer |    8369882274 |   22 | 1997-02-02    | 2019-08-17      |  30000 |      20 | AB +        |
| 106 | Vishal  | vishalpippirishetti@gmail.com | Tester             |    8928088554 |   29 | 1990-12-05    | 2015-01-22      |  40000 |      10 | A +         |
| 107 | Pranali | shirodkarpranali123@gmail.com | HR                 |    9022314944 |   30 | 1989-03-16    | 2009-12-05      |  80000 |      10 | B +         |
| 108 | Ashwini | ashwinipardeshi1655@gmail.com | Software Developer |    9326130118 |   21 | 1998-01-08    | 2019-08-27      |  30000 |      30 | A +         |
| 112 | Mukesh  | my0027@gmail.com              | Tester             |    7875853740 |   23 | 1995-12-09    | 2018-05-17      |  36000 |      30 | AB +        |
| 115 | Avinash | avinashmonde1997@gmail.com    | Clerk              |    9820958424 |   21 | 1998-03-01    | 2019-06-30      |  90000 |      20 | B +         |
+-----+---------+-------------------------------+--------------------+---------------+------+---------------+-----------------+--------+---------+-------------+
9 rows in set (0.00 sec)

6]WAQ to arrange all employees by their salary in descending order.

 select * from employee_info ORDER BY salary desc;
+-----+----------+-------------------------------+--------------------+---------------+------+---------------+-----------------+--------+---------+-------------+
| id  | name     | email                         | designation        | mobile_number | age  | Date_of_Birth | Date_of_Joining | Salary | Dept_id | Blood_group |
+-----+----------+-------------------------------+--------------------+---------------+------+---------------+-----------------+--------+---------+-------------+
| 109 | Atharva  | toskaratharva07@gmail.com     | Salesman           |    8369882274 |   20 | 1998-09-19    | 2019-06-30      |  90000 |      20 | AB -        |
| 110 | Parth    | parth.hursale@gmail.com       | Salesman           |    8652162963 |   20 | 1998-04-30    | 2019-06-30      |  90000 |      10 | B -         |
| 115 | Avinash  | avinashmonde1997@gmail.com    | Clerk              |    9820958424 |   21 | 1998-03-01    | 2019-06-30      |  90000 |      20 | B +         |
| 107 | Pranali  | shirodkarpranali123@gmail.com | HR                 |    9022314944 |   30 | 1989-03-16    | 2009-12-05      |  80000 |      10 | B +         |
| 102 | Indhu    | indhupofficial@gmail.com      | HR                 |    8291179392 |   27 | 1992-07-19    | 2015-04-25      |  70000 |      30 | O +         |
| 104 | Varun    | sonawanevaruns@gmail.com      | HR                 |    9870763923 |   29 | 1990-11-25    | 2012-08-17      |  70000 |      40 | A +         |
| 106 | Vishal   | vishalpippirishetti@gmail.com | Tester             |    8928088554 |   29 | 1990-12-05    | 2015-01-22      |  40000 |      10 | A +         |
| 116 | Ashutosh | NULL                          | Analyst            |          NULL |   23 | 1995-08-11    | 2019-01-22      |  40000 |    NULL | NULL        |
| 113 | Furqan   | shaikhfurqan75@gmail.com      | Salesman           |    9029228218 |   28 | 1991-01-12    | 2009-04-07      |  39000 |      10 | A -         |
| 112 | Mukesh   | my0027@gmail.com              | Tester             |    7875853740 |   23 | 1995-12-09    | 2018-05-17      |  36000 |      30 | AB +        |
| 111 | Santosh  | santosh.r.chaurasia@gmail.com | Clerk              |    8850380194 |   26 | 1993-04-20    | 2013-02-12      |  35000 |      40 | O +         |
| 114 | Aman     | aman.m.singh@gmail.com        | Analyst            |    7738872745 |   24 | 1995-03-27    | 2016-07-03      |  35000 |      40 | O -         |
| 101 | Vignesh  | viggyvaithiar18@gmail.com     | Software Developer |    9029937984 |   22 | 1997-01-22    | 2019-08-17      |  30000 |      10 | O +         |
| 105 | Saurabh  | saurabhjha123.sj95@gmail.com  | Software Developer |    8369882274 |   22 | 1997-02-02    | 2019-08-17      |  30000 |      20 | AB +        |
| 108 | Ashwini  | ashwinipardeshi1655@gmail.com | Software Developer |    9326130118 |   21 | 1998-01-08    | 2019-08-27      |  30000 |      30 | A +         |
| 103 | Aniket   | aniketv1127@gmail.com         | Analyst            |    8850190638 |   25 | 1994-07-27    | 2014-01-19      |  25000 |      20 | O +         |
+-----+----------+-------------------------------+--------------------+---------------+------+---------------+-----------------+--------+---------+-------------+
16 rows in set (0.00 sec)

7]WAQ to display the maximum salary,minimum salary and total salary from employee

mysql> select avg(salary) as Average_Salary,max(salary) as Maximum_Salary,min(salary) as Minimum_Salary,sum(salary) as Total_Salary from employee_info;
+----------------+----------------+----------------+--------------+
| Average_Salary | Maximum_Salary | Minimum_Salary | Total_Salary |
+----------------+----------------+----------------+--------------+
|          51875 |          90000 |          25000 |       830000 |
+----------------+----------------+----------------+--------------+
1 row in set (0.00 sec)

8]WAQ to display the list of the number of software developer in department 20

mysql> select count(*) from employee_info where designation='Software Developer' and Dept_id=20;
+----------+
| count(*) |
+----------+
|        1 |
+----------+
1 row in set (0.00 sec)

9]WAQ to display the list of the highest and lowest salary earned by salesman.

mysql> select max(salary) as Highest_Salary, min(salary) as Lowest_Salary from employee_info where designation='Salesman';
+----------------+---------------+
| Highest_Salary | Lowest_Salary |
+----------------+---------------+
|          90000 |         39000 |
+----------------+---------------+
1 row in set (0.00 sec)

10]WAQ to display the total salary of all department.

mysql> select sum(salary) as Total_Salary from employee_info;
+--------------+
| Total_Salary |
+--------------+
|       830000 |
+--------------+
1 row in set (0.00 sec)


mysql> select sum(salary) from employee_info where Dept_id=10;
+-------------+
| sum(salary) |
+-------------+
|      279000 |
+-------------+
1 row in set (0.05 sec)

mysql> select sum(salary) from employee_info where Dept_id=20;
+-------------+
| sum(salary) |
+-------------+
|      235000 |
+-------------+
1 row in set (0.00 sec)

mysql> select sum(salary) from employee_info where Dept_id=30;
+-------------+
| sum(salary) |
+-------------+
|      136000 |
+-------------+
1 row in set (0.00 sec)

mysql> select sum(salary) from employee_info where Dept_id=40;
+-------------+
| sum(salary) |
+-------------+
|      140000 |
+-------------+
1 row in set (0.00 sec)

 
